<?xml version="1.0" encoding="UTF-8" standalone="no"?>
<!DOCTYPE html PUBLIC "-//W3C//DTD XHTML 1.1//EN" "http://www.w3.org/TR/xhtml11/DTD/xhtml11.dtd">
<html xml:lang="en-US" xmlns="http://www.w3.org/1999/xhtml">
<head>
<title>Soil Chemical Methods &#8211; Australasia</title>
</head>
<body style="margin-top:0px; margin-left:0px; margin-right:0px; margin-bottom:0px; text-align:center; background-color:#00007;">
<div><a id="Cover"></a>
<img src="../images/9780643102187.jpg" alt="image" style="height:100%; text-align:center;"/>
</div>
</body>
</html>