<page-map xmlns="http://www.idpf.org/2007/opf">
<page name="cover" href="xhtml/cover.xml"/>
<page name="i" href="xhtml/halftitle.html"/>
<page name="ii" href="xhtml/frontmatter.html"/>
<page name="iii" href="xhtml/title.html"/>
<page name="iv" href="xhtml/copyright.html"/>
<page name="v" href="xhtml/contents.html"/>
<page name="vi" href="xhtml/contents.html#page_vi"/>
<page name="vii" href="xhtml/contents.html#page_vii"/>
<page name="viii" href="xhtml/contents.html#page_viii"/>
<page name="ix" href="xhtml/contents.html#page_ix"/>
<page name="x" href="xhtml/contents.html#page_x"/>
<page name="xi" href="xhtml/contents.html#page_xi"/>
<page name="xiii" href="xhtml/frontmatter01.html"/>
<page name="xiv" href="xhtml/frontmatter01.html#page_xiv"/>
<page name="xv" href="xhtml/frontmatter01.html#page_xv"/>
<page name="xvi" href="xhtml/frontmatter02.html"/>
<page name="xvii" href="xhtml/frontmatter03.html"/>
<page name="xviii" href="xhtml/frontmatter03.html#page_xviii"/>
<page name="xix" href="xhtml/frontmatter03.html#page_xix"/>
<page name="xx" href="xhtml/frontmatter03.html#page_xx"/>
<page name="1" href="xhtml/chapter01.html"/>
<page name="2" href="xhtml/chapter01.html#page_2"/>
<page name="3" href="xhtml/chapter01.html#page_3"/>
<page name="4" href="xhtml/chapter01.html#page_4"/>
<page name="5" href="xhtml/chapter01.html#page_5"/>
<page name="6" href="xhtml/chapter01.html#page_6"/>
<page name="7" href="xhtml/chapter02.html"/>
<page name="8" href="xhtml/chapter02.html#page_8"/>
<page name="9" href="xhtml/chapter02.html#page_9"/>
<page name="10" href="xhtml/chapter02.html#page_10"/>
<page name="11" href="xhtml/chapter02.html#page_11"/>
<page name="12" href="xhtml/chapter02.html#page_12"/>
<page name="13" href="xhtml/chapter02.html#page_13"/>
<page name="14" href="xhtml/chapter02.html#page_14"/>
<page name="15" href="xhtml/chapter02.html#page_15"/>
<page name="16" href="xhtml/chapter02.html#page_16"/>
<page name="17" href="xhtml/chapter02.html#page_17"/>
<page name="19" href="xhtml/chapter03.html"/>
<page name="20" href="xhtml/chapter03.html#page_20"/>
<page name="21" href="xhtml/chapter03.html#page_21"/>
<page name="22" href="xhtml/chapter03.html#page_22"/>
<page name="23" href="xhtml/chapter03.html#page_23"/>
<page name="24" href="xhtml/chapter03.html#page_24"/>
<page name="25" href="xhtml/chapter03.html#page_25"/>
<page name="26" href="xhtml/chapter03.html#page_26"/>
<page name="27" href="xhtml/chapter03.html#page_27"/>
<page name="28" href="xhtml/chapter03.html#page_28"/>
<page name="29" href="xhtml/chapter03.html#page_29"/>
<page name="30" href="xhtml/chapter03.html#page_30"/>
<page name="31" href="xhtml/chapter03.html#page_31"/>
<page name="33" href="xhtml/chapter04.html"/>
<page name="34" href="xhtml/chapter04.html#page_34"/>
<page name="35" href="xhtml/chapter04.html#page_35"/>
<page name="36" href="xhtml/chapter04.html#page_36"/>
<page name="37" href="xhtml/chapter04.html#page_37"/>
<page name="38" href="xhtml/chapter04.html#page_38"/>
<page name="39" href="xhtml/chapter04.html#page_39"/>
<page name="40" href="xhtml/chapter04.html#page_40"/>
<page name="41" href="xhtml/chapter04.html#page_41"/>
<page name="42" href="xhtml/chapter04.html#page_42"/>
<page name="43" href="xhtml/chapter04.html#page_43"/>
<page name="44" href="xhtml/chapter04.html#page_44"/>
<page name="45" href="xhtml/chapter04.html#page_45"/>
<page name="46" href="xhtml/chapter04.html#page_46"/>
<page name="47" href="xhtml/chapter04.html#page_47"/>
<page name="48" href="xhtml/chapter04.html#page_48"/>
<page name="49" href="xhtml/chapter05.html"/>
<page name="50" href="xhtml/chapter05.html#page_50"/>
<page name="51" href="xhtml/chapter05.html#page_51"/>
<page name="52" href="xhtml/chapter05.html#page_52"/>
<page name="53" href="xhtml/chapter05.html#page_53"/>
<page name="54" href="xhtml/chapter05.html#page_54"/>
<page name="55" href="xhtml/chapter05.html#page_55"/>
<page name="56" href="xhtml/chapter05.html#page_56"/>
<page name="57" href="xhtml/chapter05.html#page_57"/>
<page name="58" href="xhtml/chapter05.html#page_58"/>
<page name="59" href="xhtml/chapter05.html#page_59"/>
<page name="60" href="xhtml/chapter05.html#page_60"/>
<page name="61" href="xhtml/chapter05.html#page_61"/>
<page name="62" href="xhtml/chapter05.html#page_62"/>
<page name="63" href="xhtml/chapter05.html#page_63"/>
<page name="64" href="xhtml/chapter05.html#page_64"/>
<page name="65" href="xhtml/chapter06.html"/>
<page name="66" href="xhtml/chapter06.html#page_66"/>
<page name="67" href="xhtml/chapter06.html#page_67"/>
<page name="68" href="xhtml/chapter06.html#page_68"/>
<page name="69" href="xhtml/chapter06.html#page_69"/>
<page name="70" href="xhtml/chapter06.html#page_70"/>
<page name="71" href="xhtml/chapter06.html#page_71"/>
<page name="72" href="xhtml/chapter06.html#page_72"/>
<page name="73" href="xhtml/chapter06.html#page_73"/>
<page name="74" href="xhtml/chapter06.html#page_74"/>
<page name="75" href="xhtml/chapter06.html#page_75"/>
<page name="76" href="xhtml/chapter06.html#page_76"/>
<page name="77" href="xhtml/chapter06.html#page_77"/>
<page name="78" href="xhtml/chapter06.html#page_78"/>
<page name="79" href="xhtml/chapter06.html#page_79"/>
<page name="80" href="xhtml/chapter06.html#page_80"/>
<page name="81" href="xhtml/chapter06.html#page_81"/>
<page name="82" href="xhtml/chapter06.html#page_82"/>
<page name="83" href="xhtml/chapter06.html#page_83"/>
<page name="84" href="xhtml/chapter06.html#page_84"/>
<page name="85" href="xhtml/chapter06.html#page_85"/>
<page name="86" href="xhtml/chapter06.html#page_86"/>
<page name="87" href="xhtml/chapter06.html#page_87"/>
<page name="88" href="xhtml/chapter06.html#page_88"/>
<page name="89" href="xhtml/chapter06.html#page_89"/>
<page name="90" href="xhtml/chapter06.html#page_90"/>
<page name="91" href="xhtml/chapter06.html#page_91"/>
<page name="92" href="xhtml/chapter06.html#page_92"/>
<page name="93" href="xhtml/chapter07.html"/>
<page name="94" href="xhtml/chapter07.html#page_94"/>
<page name="95" href="xhtml/chapter07.html#page_95"/>
<page name="96" href="xhtml/chapter07.html#page_96"/>
<page name="97" href="xhtml/chapter07.html#page_97"/>
<page name="98" href="xhtml/chapter07.html#page_98"/>
<page name="99" href="xhtml/chapter07.html#page_99"/>
<page name="100" href="xhtml/chapter07.html#page_100"/>
<page name="101" href="xhtml/chapter07.html#page_101"/>
<page name="102" href="xhtml/chapter07.html#page_102"/>
<page name="103" href="xhtml/chapter07.html#page_103"/>
<page name="104" href="xhtml/chapter07.html#page_104"/>
<page name="105" href="xhtml/chapter07.html#page_105"/>
<page name="106" href="xhtml/chapter07.html#page_106"/>
<page name="107" href="xhtml/chapter07.html#page_107"/>
<page name="108" href="xhtml/chapter07.html#page_108"/>
<page name="109" href="xhtml/chapter07.html#page_109"/>
<page name="110" href="xhtml/chapter07.html#page_110"/>
<page name="111" href="xhtml/chapter07.html#page_111"/>
<page name="112" href="xhtml/chapter07.html#page_112"/>
<page name="113" href="xhtml/chapter07.html#page_113"/>
<page name="114" href="xhtml/chapter07.html#page_114"/>
<page name="115" href="xhtml/chapter07.html#page_115"/>
<page name="116" href="xhtml/chapter07.html#page_116"/>
<page name="117" href="xhtml/chapter07.html#page_117"/>
<page name="118" href="xhtml/chapter07.html#page_118"/>
<page name="119" href="xhtml/chapter07.html#page_119"/>
<page name="120" href="xhtml/chapter07.html#page_120"/>
<page name="121" href="xhtml/chapter07.html#page_121"/>
<page name="122" href="xhtml/chapter07.html#page_122"/>
<page name="123" href="xhtml/chapter07.html#page_123"/>
<page name="124" href="xhtml/chapter07.html#page_124"/>
<page name="125" href="xhtml/chapter07.html#page_125"/>
<page name="126" href="xhtml/chapter07.html#page_126"/>
<page name="127" href="xhtml/chapter07.html#page_127"/>
<page name="128" href="xhtml/chapter07.html#page_128"/>
<page name="129" href="xhtml/chapter07.html#page_129"/>
<page name="130" href="xhtml/chapter07.html#page_130"/>
<page name="131" href="xhtml/chapter07.html#page_131"/>
<page name="132" href="xhtml/chapter07.html#page_132"/>
<page name="133" href="xhtml/chapter07.html#page_133"/>
<page name="134" href="xhtml/chapter07.html#page_134"/>
<page name="135" href="xhtml/chapter07.html#page_135"/>
<page name="136" href="xhtml/chapter07.html#page_136"/>
<page name="137" href="xhtml/chapter07.html#page_137"/>
<page name="138" href="xhtml/chapter07.html#page_138"/>
<page name="139" href="xhtml/chapter07.html#page_139"/>
<page name="140" href="xhtml/chapter07.html#page_140"/>
<page name="141" href="xhtml/chapter07.html#page_141"/>
<page name="142" href="xhtml/chapter07.html#page_142"/>
<page name="143" href="xhtml/chapter07.html#page_143"/>
<page name="144" href="xhtml/chapter07.html#page_144"/>
<page name="145" href="xhtml/chapter08.html"/>
<page name="146" href="xhtml/chapter08.html#page_146"/>
<page name="147" href="xhtml/chapter09.html"/>
<page name="148" href="xhtml/chapter09.html#page_148"/>
<page name="149" href="xhtml/chapter09.html#page_149"/>
<page name="150" href="xhtml/chapter09.html#page_150"/>
<page name="151" href="xhtml/chapter09.html#page_151"/>
<page name="152" href="xhtml/chapter09.html#page_152"/>
<page name="153" href="xhtml/chapter09.html#page_153"/>
<page name="154" href="xhtml/chapter09.html#page_154"/>
<page name="155" href="xhtml/chapter09.html#page_155"/>
<page name="156" href="xhtml/chapter09.html#page_156"/>
<page name="157" href="xhtml/chapter09.html#page_157"/>
<page name="158" href="xhtml/chapter09.html#page_158"/>
<page name="159" href="xhtml/chapter09.html#page_159"/>
<page name="160" href="xhtml/chapter09.html#page_160"/>
<page name="161" href="xhtml/chapter09.html#page_161"/>
<page name="162" href="xhtml/chapter09.html#page_162"/>
<page name="163" href="xhtml/chapter09.html#page_163"/>
<page name="164" href="xhtml/chapter09.html#page_164"/>
<page name="165" href="xhtml/chapter09.html#page_165"/>
<page name="166" href="xhtml/chapter09.html#page_166"/>
<page name="167" href="xhtml/chapter09.html#page_167"/>
<page name="168" href="xhtml/chapter09.html#page_168"/>
<page name="169" href="xhtml/chapter09.html#page_169"/>
<page name="170" href="xhtml/chapter09.html#page_170"/>
<page name="171" href="xhtml/chapter09.html#page_171"/>
<page name="172" href="xhtml/chapter09.html#page_172"/>
<page name="173" href="xhtml/chapter09.html#page_173"/>
<page name="174" href="xhtml/chapter09.html#page_174"/>
<page name="175" href="xhtml/chapter09.html#page_175"/>
<page name="176" href="xhtml/chapter09.html#page_176"/>
<page name="177" href="xhtml/chapter09.html#page_177"/>
<page name="178" href="xhtml/chapter09.html#page_178"/>
<page name="179" href="xhtml/chapter09.html#page_179"/>
<page name="180" href="xhtml/chapter09.html#page_180"/>
<page name="181" href="xhtml/chapter09.html#page_181"/>
<page name="182" href="xhtml/chapter09.html#page_182"/>
<page name="183" href="xhtml/chapter09.html#page_183"/>
<page name="184" href="xhtml/chapter09.html#page_184"/>
<page name="185" href="xhtml/chapter09.html#page_185"/>
<page name="186" href="xhtml/chapter09.html#page_186"/>
<page name="187" href="xhtml/chapter09.html#page_187"/>
<page name="188" href="xhtml/chapter09.html#page_188"/>
<page name="189" href="xhtml/chapter09.html#page_189"/>
<page name="190" href="xhtml/chapter09.html#page_190"/>
<page name="191" href="xhtml/chapter09.html#page_191"/>
<page name="192" href="xhtml/chapter09.html#page_192"/>
<page name="193" href="xhtml/chapter09.html#page_193"/>
<page name="194" href="xhtml/chapter09.html#page_194"/>
<page name="195" href="xhtml/chapter09.html#page_195"/>
<page name="196" href="xhtml/chapter09.html#page_196"/>
<page name="197" href="xhtml/chapter09.html#page_197"/>
<page name="198" href="xhtml/chapter09.html#page_198"/>
<page name="199" href="xhtml/chapter09.html#page_199"/>
<page name="200" href="xhtml/chapter09a.html"/>
<page name="201" href="xhtml/chapter09a.html#page_201"/>
<page name="202" href="xhtml/chapter09a.html#page_202"/>
<page name="203" href="xhtml/chapter09a.html#page_203"/>
<page name="204" href="xhtml/chapter09a.html#page_204"/>
<page name="205" href="xhtml/chapter10.html"/>
<page name="206" href="xhtml/chapter10.html#page_206"/>
<page name="207" href="xhtml/chapter10.html#page_207"/>
<page name="208" href="xhtml/chapter10.html#page_208"/>
<page name="209" href="xhtml/chapter10.html#page_209"/>
<page name="210" href="xhtml/chapter10.html#page_210"/>
<page name="211" href="xhtml/chapter10.html#page_211"/>
<page name="212" href="xhtml/chapter10.html#page_212"/>
<page name="213" href="xhtml/chapter10.html#page_213"/>
<page name="214" href="xhtml/chapter10.html#page_214"/>
<page name="215" href="xhtml/chapter10.html#page_215"/>
<page name="216" href="xhtml/chapter10.html#page_216"/>
<page name="217" href="xhtml/chapter10.html#page_217"/>
<page name="218" href="xhtml/chapter10.html#page_218"/>
<page name="219" href="xhtml/chapter10.html#page_219"/>
<page name="220" href="xhtml/chapter10.html#page_220"/>
<page name="221" href="xhtml/chapter10.html#page_221"/>
<page name="222" href="xhtml/chapter10.html#page_222"/>
<page name="223" href="xhtml/chapter10.html#page_223"/>
<page name="224" href="xhtml/chapter10.html#page_224"/>
<page name="225" href="xhtml/chapter10.html#page_225"/>
<page name="226" href="xhtml/chapter10.html#page_226"/>
<page name="227" href="xhtml/chapter10.html#page_227"/>
<page name="229" href="xhtml/chapter11.html"/>
<page name="230" href="xhtml/chapter11.html#page_230"/>
<page name="231" href="xhtml/chapter11.html#page_231"/>
<page name="232" href="xhtml/chapter11.html#page_232"/>
<page name="233" href="xhtml/chapter11.html#page_233"/>
<page name="235" href="xhtml/chapter12.html"/>
<page name="236" href="xhtml/chapter12.html#page_236"/>
<page name="237" href="xhtml/chapter12.html#page_237"/>
<page name="238" href="xhtml/chapter12.html#page_238"/>
<page name="239" href="xhtml/chapter12.html#page_239"/>
<page name="240" href="xhtml/chapter12.html#page_240"/>
<page name="241" href="xhtml/chapter12.html#page_241"/>
<page name="242" href="xhtml/chapter12.html#page_242"/>
<page name="243" href="xhtml/chapter12.html#page_243"/>
<page name="244" href="xhtml/chapter12.html#page_244"/>
<page name="245" href="xhtml/chapter12.html#page_245"/>
<page name="246" href="xhtml/chapter12.html#page_246"/>
<page name="247" href="xhtml/chapter12.html#page_247"/>
<page name="248" href="xhtml/chapter12.html#page_248"/>
<page name="249" href="xhtml/chapter12.html#page_249"/>
<page name="250" href="xhtml/chapter12.html#page_250"/>
<page name="251" href="xhtml/chapter12.html#page_251"/>
<page name="253" href="xhtml/chapter13.html"/>
<page name="254" href="xhtml/chapter13.html#page_254"/>
<page name="255" href="xhtml/chapter13.html#page_255"/>
<page name="256" href="xhtml/chapter13.html#page_256"/>
<page name="257" href="xhtml/chapter13.html#page_257"/>
<page name="258" href="xhtml/chapter13.html#page_258"/>
<page name="259" href="xhtml/chapter13.html#page_259"/>
<page name="260" href="xhtml/chapter13.html#page_260"/>
<page name="261" href="xhtml/chapter13.html#page_261"/>
<page name="262" href="xhtml/chapter13.html#page_262"/>
<page name="263" href="xhtml/chapter13.html#page_263"/>
<page name="264" href="xhtml/chapter13.html#page_264"/>
<page name="265" href="xhtml/chapter14.html"/>
<page name="266" href="xhtml/chapter14.html#page_266"/>
<page name="267" href="xhtml/chapter14.html#page_267"/>
<page name="268" href="xhtml/chapter14.html#page_268"/>
<page name="269" href="xhtml/chapter14.html#page_269"/>
<page name="270" href="xhtml/chapter14.html#page_270"/>
<page name="271" href="xhtml/chapter14.html#page_271"/>
<page name="272" href="xhtml/chapter14.html#page_272"/>
<page name="273" href="xhtml/chapter14.html#page_273"/>
<page name="274" href="xhtml/chapter14.html#page_274"/>
<page name="275" href="xhtml/chapter14.html#page_275"/>
<page name="276" href="xhtml/chapter14.html#page_276"/>
<page name="277" href="xhtml/chapter14.html#page_277"/>
<page name="278" href="xhtml/chapter14.html#page_278"/>
<page name="279" href="xhtml/chapter14.html#page_279"/>
<page name="280" href="xhtml/chapter14.html#page_280"/>
<page name="281" href="xhtml/chapter14.html#page_281"/>
<page name="282" href="xhtml/chapter14.html#page_282"/>
<page name="283" href="xhtml/chapter14.html#page_283"/>
<page name="284" href="xhtml/chapter14.html#page_284"/>
<page name="285" href="xhtml/chapter14.html#page_285"/>
<page name="286" href="xhtml/chapter14.html#page_286"/>
<page name="287" href="xhtml/chapter14.html#page_287"/>
<page name="288" href="xhtml/chapter14.html#page_288"/>
<page name="289" href="xhtml/chapter14.html#page_289"/>
<page name="290" href="xhtml/chapter14.html#page_290"/>
<page name="291" href="xhtml/chapter15.html"/>
<page name="292" href="xhtml/chapter15.html#page_292"/>
<page name="293" href="xhtml/chapter15.html#page_293"/>
<page name="294" href="xhtml/chapter15.html#page_294"/>
<page name="295" href="xhtml/chapter15.html#page_295"/>
<page name="296" href="xhtml/chapter15.html#page_296"/>
<page name="297" href="xhtml/chapter15.html#page_297"/>
<page name="298" href="xhtml/chapter15.html#page_298"/>
<page name="299" href="xhtml/chapter15.html#page_299"/>
<page name="300" href="xhtml/chapter15.html#page_300"/>
<page name="301" href="xhtml/chapter15.html#page_301"/>
<page name="302" href="xhtml/chapter15.html#page_302"/>
<page name="303" href="xhtml/chapter15.html#page_303"/>
<page name="304" href="xhtml/chapter15.html#page_304"/>
<page name="305" href="xhtml/chapter15.html#page_305"/>
<page name="306" href="xhtml/chapter15.html#page_306"/>
<page name="307" href="xhtml/chapter15.html#page_307"/>
<page name="308" href="xhtml/chapter15.html#page_308"/>
<page name="309" href="xhtml/chapter15.html#page_309"/>
<page name="310" href="xhtml/chapter15.html#page_310"/>
<page name="311" href="xhtml/chapter15.html#page_311"/>
<page name="312" href="xhtml/chapter15.html#page_312"/>
<page name="313" href="xhtml/chapter15.html#page_313"/>
<page name="314" href="xhtml/chapter15.html#page_314"/>
<page name="315" href="xhtml/chapter15.html#page_315"/>
<page name="316" href="xhtml/chapter15.html#page_316"/>
<page name="317" href="xhtml/chapter15.html#page_317"/>
<page name="318" href="xhtml/chapter15.html#page_318"/>
<page name="319" href="xhtml/chapter15.html#page_319"/>
<page name="320" href="xhtml/chapter15.html#page_320"/>
<page name="321" href="xhtml/chapter15.html#page_321"/>
<page name="322" href="xhtml/chapter15.html#page_322"/>
<page name="323" href="xhtml/chapter15.html#page_323"/>
<page name="324" href="xhtml/chapter15.html#page_324"/>
<page name="325" href="xhtml/chapter15.html#page_325"/>
<page name="326" href="xhtml/chapter15.html#page_326"/>
<page name="327" href="xhtml/chapter15.html#page_327"/>
<page name="328" href="xhtml/chapter15.html#page_328"/>
<page name="329" href="xhtml/chapter15.html#page_329"/>
<page name="330" href="xhtml/chapter15a.html"/>
<page name="331" href="xhtml/chapter15a.html#page_331"/>
<page name="332" href="xhtml/chapter15a.html#page_332"/>
<page name="333" href="xhtml/chapter15a.html#page_333"/>
<page name="334" href="xhtml/chapter15a.html#page_334"/>
<page name="335" href="xhtml/chapter15a.html#page_335"/>
<page name="336" href="xhtml/chapter15a.html#page_336"/>
<page name="337" href="xhtml/chapter15a.html#page_337"/>
<page name="338" href="xhtml/chapter15a.html#page_338"/>
<page name="339" href="xhtml/chapter15a.html#page_339"/>
<page name="340" href="xhtml/chapter15a.html#page_340"/>
<page name="341" href="xhtml/chapter15a.html#page_341"/>
<page name="342" href="xhtml/chapter15a.html#page_342"/>
<page name="343" href="xhtml/chapter15a.html#page_343"/>
<page name="344" href="xhtml/chapter15a.html#page_344"/>
<page name="345" href="xhtml/chapter15a.html#page_345"/>
<page name="346" href="xhtml/chapter15a.html#page_346"/>
<page name="347" href="xhtml/chapter15a.html#page_347"/>
<page name="348" href="xhtml/chapter15a.html#page_348"/>
<page name="349" href="xhtml/chapter15a.html#page_349"/>
<page name="350" href="xhtml/chapter15a.html#page_350"/>
<page name="351" href="xhtml/chapter15a.html#page_351"/>
<page name="352" href="xhtml/chapter15a.html#page_352"/>
<page name="353" href="xhtml/chapter15a.html#page_353"/>
<page name="354" href="xhtml/chapter15a.html#page_354"/>
<page name="355" href="xhtml/chapter16.html"/>
<page name="356" href="xhtml/chapter16.html#page_356"/>
<page name="357" href="xhtml/chapter16.html#page_357"/>
<page name="358" href="xhtml/chapter16.html#page_358"/>
<page name="359" href="xhtml/chapter16.html#page_359"/>
<page name="360" href="xhtml/chapter16.html#page_360"/>
<page name="361" href="xhtml/chapter16.html#page_361"/>
<page name="362" href="xhtml/chapter16.html#page_362"/>
<page name="363" href="xhtml/chapter17.html"/>
<page name="364" href="xhtml/chapter17.html#page_364"/>
<page name="365" href="xhtml/chapter17.html#page_365"/>
<page name="366" href="xhtml/chapter17.html#page_366"/>
<page name="367" href="xhtml/chapter17.html#page_367"/>
<page name="368" href="xhtml/chapter17.html#page_368"/>
<page name="369" href="xhtml/chapter17.html#page_369"/>
<page name="370" href="xhtml/chapter17.html#page_370"/>
<page name="371" href="xhtml/chapter17.html#page_371"/>
<page name="372" href="xhtml/chapter17.html#page_372"/>
<page name="373" href="xhtml/chapter17.html#page_373"/>
<page name="374" href="xhtml/chapter17.html#page_374"/>
<page name="375" href="xhtml/chapter17.html#page_375"/>
<page name="376" href="xhtml/chapter17.html#page_376"/>
<page name="377" href="xhtml/chapter17.html#page_377"/>
<page name="378" href="xhtml/chapter17.html#page_378"/>
<page name="379" href="xhtml/chapter17.html#page_379"/>
<page name="380" href="xhtml/chapter17.html#page_380"/>
<page name="381" href="xhtml/chapter17.html#page_381"/>
<page name="382" href="xhtml/chapter17.html#page_382"/>
<page name="383" href="xhtml/chapter17.html#page_383"/>
<page name="384" href="xhtml/chapter17.html#page_384"/>
<page name="385" href="xhtml/chapter18.html"/>
<page name="386" href="xhtml/chapter18.html#page_386"/>
<page name="387" href="xhtml/chapter18.html#page_387"/>
<page name="388" href="xhtml/chapter18.html#page_388"/>
<page name="389" href="xhtml/chapter18.html#page_389"/>
<page name="390" href="xhtml/chapter18.html#page_390"/>
<page name="391" href="xhtml/chapter18.html#page_391"/>
<page name="392" href="xhtml/chapter18.html#page_392"/>
<page name="393" href="xhtml/chapter18.html#page_393"/>
<page name="394" href="xhtml/chapter18.html#page_394"/>
<page name="395" href="xhtml/chapter18.html#page_395"/>
<page name="396" href="xhtml/chapter18.html#page_396"/>
<page name="397" href="xhtml/chapter18.html#page_397"/>
<page name="398" href="xhtml/chapter18.html#page_398"/>
<page name="399" href="xhtml/chapter18.html#page_399"/>
<page name="400" href="xhtml/chapter18.html#page_400"/>
<page name="401" href="xhtml/chapter18.html#page_401"/>
<page name="402" href="xhtml/chapter18.html#page_402"/>
<page name="403" href="xhtml/chapter18.html#page_403"/>
<page name="404" href="xhtml/chapter18.html#page_404"/>
<page name="405" href="xhtml/chapter18.html#page_405"/>
<page name="406" href="xhtml/chapter18.html#page_406"/>
<page name="407" href="xhtml/chapter18.html#page_407"/>
<page name="408" href="xhtml/chapter18.html#page_408"/>
<page name="409" href="xhtml/chapter18.html#page_409"/>
<page name="410" href="xhtml/chapter18.html#page_410"/>
<page name="411" href="xhtml/chapter18.html#page_411"/>
<page name="412" href="xhtml/chapter18.html#page_412"/>
<page name="413" href="xhtml/chapter18.html#page_413"/>
<page name="415" href="xhtml/chapter19.html"/>
<page name="416" href="xhtml/chapter19.html#page_416"/>
<page name="417" href="xhtml/chapter19.html#page_417"/>
<page name="418" href="xhtml/chapter19.html#page_418"/>
<page name="419" href="xhtml/chapter19.html#page_419"/>
<page name="420" href="xhtml/chapter19.html#page_420"/>
<page name="421" href="xhtml/chapter19.html#page_421"/>
<page name="422" href="xhtml/chapter19.html#page_422"/>
<page name="423" href="xhtml/chapter19.html#page_423"/>
<page name="424" href="xhtml/chapter19.html#page_424"/>
<page name="425" href="xhtml/chapter19.html#page_425"/>
<page name="427" href="xhtml/chapter20.html"/>
<page name="428" href="xhtml/chapter20.html#page_428"/>
<page name="429" href="xhtml/chapter20.html#page_429"/>
<page name="430" href="xhtml/chapter20.html#page_430"/>
<page name="431" href="xhtml/chapter20.html#page_431"/>
<page name="432" href="xhtml/chapter20.html#page_432"/>
<page name="433" href="xhtml/chapter20.html#page_433"/>
<page name="434" href="xhtml/chapter20.html#page_434"/>
<page name="435" href="xhtml/chapter20.html#page_435"/>
<page name="436" href="xhtml/chapter20.html#page_436"/>
<page name="437" href="xhtml/chapter20.html#page_437"/>
<page name="438" href="xhtml/chapter20.html#page_438"/>
<page name="439" href="xhtml/chapter20.html#page_439"/>
<page name="440" href="xhtml/chapter20.html#page_440"/>
<page name="441" href="xhtml/chapter20.html#page_441"/>
<page name="442" href="xhtml/chapter20.html#page_442"/>
<page name="443" href="xhtml/chapter20.html#page_443"/>
<page name="444" href="xhtml/chapter20.html#page_444"/>
<page name="445" href="xhtml/chapter20.html#page_445"/>
<page name="446" href="xhtml/chapter20.html#page_446"/>
<page name="447" href="xhtml/chapter20.html#page_447"/>
<page name="448" href="xhtml/chapter20.html#page_448"/>
<page name="449" href="xhtml/chapter20.html#page_449"/>
<page name="450" href="xhtml/chapter20.html#page_450"/>
<page name="451" href="xhtml/chapter20.html#page_451"/>
<page name="452" href="xhtml/chapter20.html#page_452"/>
<page name="453" href="xhtml/chapter20.html#page_453"/>
<page name="454" href="xhtml/chapter20.html#page_454"/>
<page name="455" href="xhtml/chapter20.html#page_455"/>
<page name="456" href="xhtml/chapter20.html#page_456"/>
<page name="457" href="xhtml/chapter20.html#page_457"/>
<page name="458" href="xhtml/chapter20.html#page_458"/>
<page name="459" href="xhtml/chapter20.html#page_459"/>
<page name="460" href="xhtml/chapter20.html#page_460"/>
<page name="461" href="xhtml/chapter20.html#page_461"/>
<page name="462" href="xhtml/chapter20.html#page_462"/>
<page name="463" href="xhtml/backmatter01.html"/>
<page name="464" href="xhtml/backmatter01.html#page_464"/>
<page name="465" href="xhtml/backmatter01.html#page_465"/>
<page name="466" href="xhtml/backmatter01.html#page_466"/>
<page name="467" href="xhtml/backmatter02.html"/>
<page name="468" href="xhtml/backmatter02.html#page_468"/>
<page name="469" href="xhtml/backmatter02.html#page_469"/>
<page name="470" href="xhtml/backmatter02.html#page_470"/>
<page name="471" href="xhtml/backmatter02.html#page_471"/>
<page name="472" href="xhtml/backmatter02.html#page_472"/>
<page name="473" href="xhtml/backmatter02.html#page_473"/>
<page name="474" href="xhtml/backmatter03.html"/>
<page name="475" href="xhtml/backmatter03.html#page_475"/>
<page name="476" href="xhtml/backmatter04.html"/>
<page name="477" href="xhtml/backmatter04.html#page_477"/>
<page name="478" href="xhtml/backmatter05.html"/>
<page name="479" href="xhtml/backmatter05.html#page_479"/>
<page name="480" href="xhtml/backmatter05.html#page_480"/>
<page name="481" href="xhtml/backmatter05.html#page_481"/>
<page name="482" href="xhtml/backmatter06.html"/>
<page name="483" href="xhtml/backmatter06.html#page_483"/>
<page name="484" href="xhtml/backmatter06.html#page_484"/>
<page name="485" href="xhtml/backmatter06.html#page_485"/>
<page name="486" href="xhtml/backmatter06.html#page_486"/>
<page name="487" href="xhtml/backmatter06.html#page_487"/>
<page name="488" href="xhtml/backmatter06.html#page_488"/>
<page name="489" href="xhtml/backmatter06.html#page_489"/>
<page name="490" href="xhtml/backmatter06.html#page_490"/>
<page name="491" href="xhtml/backmatter06.html#page_491"/>
<page name="492" href="xhtml/backmatter06.html#page_492"/>
<page name="493" href="xhtml/backmatter06.html#page_493"/>
<page name="494" href="xhtml/backmatter06.html#page_494"/>
<page name="495" href="xhtml/backmatter06.html#page_495"/>
</page-map>